{
  "unknown_dialogues": 0,
  "dialogue_variety": 0.8461538461538461,
  "action_variety": 0.0,
  "discovery_variety": 1.0,
  "conflict_variety": 0.42105263157894735,
  "crisis_variety": 0.0,
  "character_balance": {
    "星际游侠·逐光": 17,
    "量子贤者·静渊": 18,
    "维度舞者·幻音": 18
  },
  "imbalance_ratio": 1.0588235294117647,
  "repetition_ratio": 0.5263157894736843,
  "overall_score": 83.22366814422914,
  "passed_criteria": 3,
  "total_criteria": 5
}