{
  "unknown_dialogues": 0,
  "dialogue_variety": 0.8888888888888888,
  "action_variety": 0.9230769230769231,
  "discovery_variety": 0.8333333333333334,
  "conflict_variety": 1.0,
  "crisis_variety": 0.7692307692307693,
  "character_balance": {
    "数字艺术家": 17,
    "赛博武士": 13,
    "量子诗人": 9,
    "梦境编织者": 9,
    "时空旅者": 12
  },
  "imbalance_ratio": 1.8888888888888888,
  "repetition_ratio": 0.038461538461538464,
  "overall_score": 86.7936908911608,
  "passed_criteria": 5,
  "total_criteria": 5
}