{
  "timestamp": "2025-11-25T13:49:48.104231",
  "score": 1.7587719298245617,
  "total_tests": 2280,
  "distribution": {
    "unit": {
      "count": 1721,
      "percentage": 75.48245614035088
    },
    "integration": {
      "count": 11,
      "percentage": 0.4824561403508772
    },
    "e2e": {
      "count": 5,
      "percentage": 0.21929824561403508
    }
  },
  "missing_markers": 543
}